-- phpMyAdmin SQL Dump
-- version 5.0.2
-- https://www.phpmyadmin.net/
--
-- ホスト: 127.0.0.1
-- 生成日時: 2020-10-14 17:06:30
-- サーバのバージョン： 10.4.11-MariaDB
-- PHP のバージョン: 7.4.5

SET SQL_MODE = "NO_AUTO_VALUE_ON_ZERO";
START TRANSACTION;
SET time_zone = "+00:00";


/*!40101 SET @OLD_CHARACTER_SET_CLIENT=@@CHARACTER_SET_CLIENT */;
/*!40101 SET @OLD_CHARACTER_SET_RESULTS=@@CHARACTER_SET_RESULTS */;
/*!40101 SET @OLD_COLLATION_CONNECTION=@@COLLATION_CONNECTION */;
/*!40101 SET NAMES utf8mb4 */;

--
-- データベース: `mini_bbs`
--

-- --------------------------------------------------------

--
-- テーブルの構造 `likeactions`
--

CREATE TABLE `likeactions` (
  `id` int(11) NOT NULL,
  `member_id` int(11) DEFAULT NULL,
  `message_id` int(11) DEFAULT NULL,
  `switch` bit(1) NOT NULL,
  `created` datetime DEFAULT NULL,
  `modified` timestamp NOT NULL DEFAULT current_timestamp() ON UPDATE current_timestamp()
) ENGINE=InnoDB DEFAULT CHARSET=utf8mb4;

--
-- テーブルのデータのダンプ `likeactions`
--

INSERT INTO `likeactions` (`id`, `member_id`, `message_id`, `switch`, `created`, `modified`) VALUES
(1, 1, 14, b'1', '2020-10-05 23:55:58', '2020-10-08 09:27:45'),
(2, 2, 14, b'1', '2020-10-06 00:26:15', '2020-10-10 09:51:48'),
(3, 3, 10, b'1', NULL, '2020-10-05 16:16:48'),
(4, 2, 11, b'1', NULL, '2020-10-05 16:16:48'),
(5, 1, 12, b'1', NULL, '2020-10-05 16:16:48'),
(7, 1, 15, b'1', NULL, '2020-10-08 10:00:02'),
(8, 2, 15, b'0', NULL, '2020-10-10 10:10:37'),
(9, 3, 15, b'1', NULL, '2020-10-05 16:42:38'),
(11, 1, 11, b'1', '2020-10-07 18:50:25', '2020-10-07 09:50:25'),
(15, 1, 13, b'0', '2020-10-07 18:50:37', '2020-10-07 09:52:37'),
(37, 4, 15, b'1', '2020-10-09 05:41:56', '2020-10-11 03:25:32'),
(38, 4, 11, b'1', '2020-10-09 05:42:02', '2020-10-08 20:42:02'),
(39, 4, 13, b'1', '2020-10-09 05:42:53', '2020-10-08 21:57:40'),
(41, 4, 14, b'0', '2020-10-09 05:49:03', '2020-10-11 02:29:08'),
(46, 4, 6, b'1', '2020-10-09 05:56:30', '2020-10-08 20:56:30'),
(48, 4, 12, b'0', '2020-10-09 06:14:03', '2020-10-08 21:30:06'),
(51, 4, 9, b'1', '2020-10-09 06:14:47', '2020-10-08 21:14:47'),
(53, 4, 8, b'1', '2020-10-09 06:18:17', '2020-10-08 21:18:17'),
(75, 2, 12, b'1', '2020-10-10 16:10:37', '2020-10-10 07:10:37'),
(76, 2, 13, b'0', '2020-10-10 16:27:04', '2020-10-10 10:11:14'),
(80, 2, 16, b'0', '2020-10-10 17:31:45', '2020-10-10 10:14:15'),
(86, 2, 17, b'0', '2020-10-10 17:55:21', '2020-10-10 10:14:08'),
(96, 2, 18, b'1', '2020-10-10 18:52:08', '2020-10-10 09:54:52'),
(97, 1, 16, b'1', '2020-10-11 07:27:56', '2020-10-10 22:27:56'),
(98, 4, 17, b'0', '2020-10-11 09:18:25', '2020-10-11 00:18:28'),
(99, 4, 2, b'0', '2020-10-11 11:07:14', '2020-10-11 02:07:16'),
(100, 4, 20, b'0', '2020-10-11 12:06:33', '2020-10-11 03:06:35'),
(101, 1, 20, b'1', '2020-10-11 13:15:32', '2020-10-11 04:15:32'),
(102, 1, 22, b'0', '2020-10-11 13:15:35', '2020-10-11 04:15:38'),
(103, 3, 14, b'1', '2020-10-11 17:00:59', '2020-10-11 08:02:07'),
(104, 1, 28, b'1', '2020-10-12 16:55:22', '2020-10-12 07:55:22'),
(105, 4, 27, b'1', '2020-10-12 23:11:00', '2020-10-12 14:11:00'),
(106, 4, 29, b'0', '2020-10-12 23:58:36', '2020-10-12 14:58:39'),
(107, 4, 54, b'1', '2020-10-14 00:38:53', '2020-10-13 16:10:58'),
(108, 4, 51, b'1', '2020-10-14 00:49:56', '2020-10-13 16:11:03'),
(109, 4, 46, b'0', '2020-10-14 01:12:53', '2020-10-13 16:12:55'),
(110, 4, 39, b'1', '2020-10-14 01:13:04', '2020-10-13 16:13:04'),
(111, 1, 50, b'1', '2020-10-14 17:40:06', '2020-10-14 08:40:06'),
(112, 5, 45, b'1', '2020-10-14 18:01:26', '2020-10-14 13:53:22');

-- --------------------------------------------------------

--
-- テーブルの構造 `members`
--

CREATE TABLE `members` (
  `id` int(11) NOT NULL,
  `name` varchar(255) DEFAULT NULL,
  `email` varchar(255) DEFAULT NULL,
  `password` varchar(100) DEFAULT NULL,
  `picture` varchar(255) DEFAULT NULL,
  `created` datetime DEFAULT NULL,
  `modified` timestamp NOT NULL DEFAULT current_timestamp() ON UPDATE current_timestamp()
) ENGINE=InnoDB DEFAULT CHARSET=utf8mb4;

--
-- テーブルのデータのダンプ `members`
--

INSERT INTO `members` (`id`, `name`, `email`, `password`, `picture`, `created`, `modified`) VALUES
(1, 'yui', 'aaaaa@aaa.ne.jp', '011c945f30ce2cbafc452f39840f025693339c42', 'empty.jpg', '2020-09-30 20:07:47', '2020-10-01 08:50:12'),
(2, 'ゴラ', 'bbbb@bb.ne.jp', '011c945f30ce2cbafc452f39840f025693339c42', '20200930130911gora.jpg', '2020-09-30 20:10:26', '2020-10-01 02:28:24'),
(3, 'ピタ', 'aaa@aaaa.jp', '011c945f30ce2cbafc452f39840f025693339c42', '20201001043458pita.jpg', '2020-10-01 11:35:01', '2020-10-01 02:35:01'),
(4, 'スー', 'a@aa.com', '011c945f30ce2cbafc452f39840f025693339c42', '20201001103152soo.jpg', '2020-10-01 17:31:56', '2020-10-01 08:31:56'),
(5, 'テレビのジョン', 'ccc@ne.jp', '011c945f30ce2cbafc452f39840f025693339c42', '20201014105348TVjon.jpg', '2020-10-14 17:54:29', '2020-10-14 08:54:29');

-- --------------------------------------------------------

--
-- テーブルの構造 `posts`
--

CREATE TABLE `posts` (
  `id` int(11) NOT NULL,
  `message` text DEFAULT NULL,
  `member_id` int(11) DEFAULT NULL,
  `reply_post_id` int(11) DEFAULT NULL,
  `retweet_post_id` int(11) DEFAULT NULL,
  `switch` bit(1) NOT NULL DEFAULT b'1',
  `created` datetime DEFAULT NULL,
  `modified` timestamp NOT NULL DEFAULT current_timestamp() ON UPDATE current_timestamp()
) ENGINE=InnoDB DEFAULT CHARSET=utf8mb4;

--
-- テーブルのデータのダンプ `posts`
--

INSERT INTO `posts` (`id`, `message`, `member_id`, `reply_post_id`, `retweet_post_id`, `switch`, `created`, `modified`) VALUES
(2, 'こんばんは', 2, NULL, NULL, b'1', '2020-10-01 01:04:00', '2020-10-12 08:07:15'),
(3, '寝坊したー', 1, NULL, NULL, b'1', '2020-10-01 11:52:24', '2020-10-12 08:07:15'),
(4, 'スー登場。', 1, NULL, NULL, b'1', '2020-10-01 17:32:09', '2020-10-12 08:07:15'),
(5, '今度こそスー登場。', 4, NULL, NULL, b'1', '2020-10-01 17:34:26', '2020-10-12 08:07:15'),
(6, 'ねずみのスーだよー。', 4, NULL, NULL, b'1', '2020-10-01 17:42:45', '2020-10-12 08:07:15'),
(7, '@yuiスー登場。やっほー', 4, NULL, NULL, b'1', '2020-10-01 18:17:20', '2020-10-12 08:07:15'),
(8, '@yui寝坊したー　おつかれ。。', 4, 3, NULL, b'1', '2020-10-01 18:19:04', '2020-10-12 08:07:15'),
(9, 'https://www.php.net/manual/ja/function.mb-ereg-replace.php\r\n\r\nmb_ereg_replace(正規表現パターン,置換先文字列,string全体,)', 1, 0, NULL, b'1', '2020-10-03 07:32:00', '2020-10-12 08:07:15'),
(11, 'テストテスト', 1, 0, NULL, b'1', '2020-10-03 22:44:53', '2020-10-12 08:07:15'),
(12, '会員情報編集ページも作りたい。\r\n', 1, 0, NULL, b'1', '2020-10-03 22:45:11', '2020-10-12 08:07:15'),
(13, 'phpを学ぶのにはphp公式サイトを読み込むのがとても役に立ちます。', 1, 0, NULL, b'1', '2020-10-05 22:30:04', '2020-10-12 08:07:15'),
(14, 'session_destroy()は、現在のセッションに 関連づけられたすべてのデータを破棄します。この関数は、 セッションに関するグローバル変数を破棄しません。 また、セッションクッキーを破棄しません。 セッション変数の利用を再開するには session_start() をコールする必要があります。', 1, 0, NULL, b'1', '2020-10-05 22:31:27', '2020-10-12 08:07:15'),
(15, 'あいうえお\r\n', 2, 0, NULL, b'1', '2020-10-05 22:45:36', '2020-10-12 08:07:15'),
(16, 'phpを学ぶのにはphp公式サイトを読み込むのがとても役に立ちます。', 2, NULL, NULL, b'1', '2020-10-10 17:28:34', '2020-10-12 08:07:15'),
(19, 'session_destroy()は、現在のセッションに 関連づけられたすべてのデータを破棄します。この関数は、 セッションに関するグローバル変数を破棄しません。 また、セッションクッキーを破棄しません。 セッション変数の利用を再開するには session_start() をコールする必要があります。', 4, NULL, 14, b'1', '2020-10-11 10:52:34', '2020-10-11 08:53:31'),
(20, 'あいうえお\r\n', 4, NULL, 15, b'1', '2020-10-11 10:52:38', '2020-10-11 08:53:33'),
(21, '疲れた。。リレーション難しすぎる。', 4, 0, NULL, b'1', '2020-10-11 12:25:57', '2020-10-12 08:07:15'),
(22, 'あいうえお\r\n', 4, NULL, 15, b'1', '2020-10-11 12:32:14', '2020-10-12 09:29:47'),
(23, 'あいうえお\r\n', 1, NULL, 15, b'1', '2020-10-11 12:32:44', '2020-10-11 08:53:33'),
(24, 'session_destroy()は、現在のセッションに 関連づけられたすべてのデータを破棄します。この関数は、 セッションに関するグローバル変数を破棄しません。 また、セッションクッキーを破棄しません。 セッション変数の利用を再開するには session_start() をコールする必要があります。', 3, NULL, 14, b'1', '2020-10-11 17:01:08', '2020-10-11 08:53:33'),
(26, '疲れた。。リレーション難しすぎる。', 1, NULL, 21, b'1', '2020-10-12 15:05:09', '2020-10-12 08:02:09'),
(27, '10/12テスト1', 1, 0, NULL, b'1', '2020-10-12 15:05:35', '2020-10-12 08:07:15'),
(28, '10/13テスト2', 1, 0, NULL, b'1', '2020-10-12 15:05:44', '2020-10-12 08:28:50'),
(29, '10/12テスト1', 1, NULL, 27, b'1', '2020-10-12 15:05:47', '2020-10-12 08:02:09'),
(36, '10/12テスト1', 1, NULL, 29, b'1', '2020-10-12 17:16:43', '2020-10-12 08:16:43'),
(37, '10/13テスト2', 1, NULL, 28, b'1', '2020-10-12 17:22:22', '2020-10-12 08:28:33'),
(38, '@yui10/12テスト1　テストばっかり', 4, 0, NULL, b'1', '2020-10-12 23:31:03', '2020-10-12 14:31:03'),
(39, 'https://www.php.net/manual/ja/function.mb-ereg-replace.php\r\n\r\nmb_ereg_replace(正規表現パターン,置換先文字列,string全体,)', 4, NULL, 9, b'1', '2020-10-12 23:34:57', '2020-10-12 14:34:57'),
(40, '@yui10/13テスト2 テスト疲れた', 2, 0, NULL, b'0', '2020-10-13 00:15:33', '2020-10-12 15:33:46'),
(41, '@yui10/12テスト1　テストばっかり', 2, NULL, 38, b'0', '2020-10-13 00:15:46', '2020-10-12 15:27:56'),
(42, '@スー@yui10/12テスト1　テストばっかり', 2, 0, NULL, b'1', '2020-10-13 00:45:20', '2020-10-12 15:45:20'),
(43, '@スー@yui10/12テスト1　テストばっかり', 2, 0, NULL, b'1', '2020-10-13 00:45:30', '2020-10-12 15:45:30'),
(44, '@ゴラ@スー@yui10/12テスト1　わかった気がする。', 2, 43, NULL, b'1', '2020-10-13 00:49:51', '2020-10-12 15:49:51'),
(45, 'でーきたー', 2, 0, NULL, b'1', '2020-10-13 00:49:59', '2020-10-12 15:49:59'),
(46, 'https://www.php.net/manual/ja/function.mb-ereg-replace.php\r\n\r\nmb_ereg_replace(正規表現パターン,置換先文字列,string全体,)', 2, NULL, 39, b'1', '2020-10-13 00:51:05', '2020-10-12 15:51:05'),
(47, 'https://www.php.net/manual/ja/function.mb-ereg-replace.php\r\n\r\nmb_ereg_replace(正規表現パターン,置換先文字列,string全体,)', 2, NULL, 46, b'0', '2020-10-13 00:51:13', '2020-10-12 15:52:09'),
(48, 'https://www.php.net/manual/ja/function.mb-ereg-replace.php\r\n\r\nmb_ereg_replace(正規表現パターン,置換先文字列,string全体,)', 2, NULL, 47, b'0', '2020-10-13 00:51:16', '2020-10-12 15:51:27'),
(49, 'https://www.php.net/manual/ja/function.mb-ereg-replace.php\r\n\r\nmb_ereg_replace(正規表現パターン,置換先文字列,string全体,)', 2, NULL, 39, b'0', '2020-10-13 00:52:00', '2020-10-12 15:53:32'),
(50, 'https://www.php.net/manual/ja/function.mb-ereg-replace.php\r\n\r\nmb_ereg_replace(正規表現パターン,置換先文字列,string全体,)', 2, NULL, 39, b'1', '2020-10-13 00:53:39', '2020-10-12 15:53:39'),
(51, 'https://www.php.net/manual/ja/function.mb-ereg-replace.php\r\n\r\nmb_ereg_replace(正規表現パターン,置換先文字列,string全体,)', 2, NULL, 9, b'1', '2020-10-13 00:53:51', '2020-10-12 15:53:51'),
(52, 'でーきたー', 4, NULL, 0, b'0', '2020-10-14 00:31:10', '2020-10-13 15:32:58'),
(53, 'でーきたー', 4, NULL, 0, b'0', '2020-10-14 00:31:38', '2020-10-13 15:32:53'),
(54, 'でーきたー', 4, 0, 45, b'1', '2020-10-14 00:36:06', '2020-10-13 15:36:06'),
(55, 'https://www.php.net/manual/ja/function.mb-ereg-replace.php\r\n\r\nmb_ereg_replace(正規表現パターン,置換先文字列,string全体,)', 4, 0, 50, b'1', '2020-10-14 01:12:36', '2020-10-13 16:12:36'),
(56, 'テレビのジョーン', 5, 0, 0, b'1', '2020-10-14 18:01:06', '2020-10-14 09:01:06'),
(57, 'でーきたー', 5, 0, 45, b'1', '2020-10-14 18:30:10', '2020-10-14 09:30:10'),
(58, 'でーきたー', 5, 0, 45, b'1', '2020-10-14 23:44:40', '2020-10-14 14:44:40');

--
-- ダンプしたテーブルのインデックス
--

--
-- テーブルのインデックス `likeactions`
--
ALTER TABLE `likeactions`
  ADD PRIMARY KEY (`id`);

--
-- テーブルのインデックス `members`
--
ALTER TABLE `members`
  ADD PRIMARY KEY (`id`);

--
-- テーブルのインデックス `posts`
--
ALTER TABLE `posts`
  ADD PRIMARY KEY (`id`);

--
-- ダンプしたテーブルのAUTO_INCREMENT
--

--
-- テーブルのAUTO_INCREMENT `likeactions`
--
ALTER TABLE `likeactions`
  MODIFY `id` int(11) NOT NULL AUTO_INCREMENT, AUTO_INCREMENT=113;

--
-- テーブルのAUTO_INCREMENT `members`
--
ALTER TABLE `members`
  MODIFY `id` int(11) NOT NULL AUTO_INCREMENT, AUTO_INCREMENT=6;

--
-- テーブルのAUTO_INCREMENT `posts`
--
ALTER TABLE `posts`
  MODIFY `id` int(11) NOT NULL AUTO_INCREMENT, AUTO_INCREMENT=59;
COMMIT;

/*!40101 SET CHARACTER_SET_CLIENT=@OLD_CHARACTER_SET_CLIENT */;
/*!40101 SET CHARACTER_SET_RESULTS=@OLD_CHARACTER_SET_RESULTS */;
/*!40101 SET COLLATION_CONNECTION=@OLD_COLLATION_CONNECTION */;
